{
  "dataset": "ar",
  "base_val": {
    "accuracy": 0.6997578692493946,
    "macro_f1": 0.7219261237326464,
    "mae": 0.3414043583535109
  },
  "base_test": {
    "accuracy": 0.7234299516908212,
    "macro_f1": 0.7338710063343173,
    "mae": 0.30978260869565216
  },
  "selected": {
    "alpha_text": null,
    "alpha_text_per_class": [
      0.0,
      0.800000011920929,
      0.800000011920929,
      0.0,
      0.0
    ],
    "proto_weight": 0.02,
    "proto_scale": 1.0,
    "val": {
      "accuracy": 0.7033898305084746,
      "macro_f1": 0.7238331227846099,
      "mae": 0.33777239709443097
    },
    "test": {
      "accuracy": 0.7252415458937198,
      "macro_f1": 0.734563320488953,
      "mae": 0.3085748792270531
    }
  },
  "delta_test": {
    "accuracy": 0.0018115942028985588,
    "macro_f1": 0.0006923141546356648,
    "mae": -0.0012077294685990392
  }
}