{
  "me": {
    "accuracy": 0.8839285714285714,
    "macro_precision": 0.896088366696793,
    "macro_recall": 0.8769559727711901,
    "macro_f1": 0.8821111460069737,
    "mae": 0.14732142857142858
  },
  "ar": {
    "accuracy": 0.7252415458937198,
    "macro_precision": 0.7410795849474252,
    "macro_recall": 0.7316879704325723,
    "macro_f1": 0.734563320488953,
    "mae": 0.3085748792270531
  },
  "pv": {
    "accuracy": 0.7064220183486238,
    "macro_precision": 0.7068342719227674,
    "macro_recall": 0.6972675021533908,
    "macro_f1": 0.701229521023628,
    "mae": 0.3333333333333333
  }
}